,broad_category,Prod,national_estimate,Amputation,Fatality,Hospitalized,avg_Severity,raw_count
0,child nursery equipment and supplies,ATTACHABLE HIGH CHAIRS (INCL. BOOSTER SE,407,0,0,0,0.0,16
1,child nursery equipment and supplies,BABY BATHS OR BATHINETTES,251,0,0,0,0.0,9
2,child nursery equipment and supplies,BABY BATHTUB SEATS OR RINGS (NOT TOYS),184,0,0,2,0.57,7
3,child nursery equipment and supplies,BABY BOTTLES OR NIPPLES,1554,0,0,12,0.32,74
4,child nursery equipment and supplies,BABY BOUNCER SEATS (EXCL. JUMPERS),1534,0,0,2,0.06,68
5,child nursery equipment and supplies,BABY CARRIAGES,384,0,0,2,0.36,11
6,child nursery equipment and supplies,BABY CARRIERS (BICYCLE-MOUNTED),125,0,0,0,0.0,5
7,child nursery equipment and supplies,"BABY CARRIERS, NOT SPECIFIED",1165,0,0,2,0.11,37
8,child nursery equipment and supplies,BABY CHANGING TABLES,3378,0,0,8,0.14,113
9,child nursery equipment and supplies,BABY EXERCISERS,102,0,0,0,0.0,4
10,child nursery equipment and supplies,BABY GATES OR BARRIERS,8698,0,0,12,0.1,234
11,child nursery equipment and supplies,BABY HARNESSES,99,0,0,0,0.0,5
12,child nursery equipment and supplies,BABY MATTRESSES OR PADS,220,0,0,0,0.0,8
13,child nursery equipment and supplies,BABY RATTLES,148,0,0,1,0.67,3
14,child nursery equipment and supplies,BABY STROLLERS,12747,1,0,18,0.09,459
15,child nursery equipment and supplies,BABY WALKERS OR JUMPERS,2839,0,0,3,0.06,106
16,child nursery equipment and supplies,BASSINETS OR CRADLES,2084,0,0,4,0.11,75
17,child nursery equipment and supplies,BOOK BAGS OR BACK CARRIERS (EXCL. BABY C,13796,0,0,16,0.08,383
18,child nursery equipment and supplies,BOTTLE WARMERS,99,0,0,1,0.4,5
19,child nursery equipment and supplies,CAR SEATS (FOR INFANTS OR CHILDREN),5916,0,2,8,0.16,205
20,child nursery equipment and supplies,CRIB MOBILES OR CRIB GYMS,52,0,0,0,0.0,1
21,child nursery equipment and supplies,DIAPER FASTENERS,46,0,0,0,0.0,1
22,child nursery equipment and supplies,DIAPER PAILS,15,0,0,0,0.0,2
23,child nursery equipment and supplies,DIAPERS,3984,0,0,9,0.14,129
24,child nursery equipment and supplies,"DOLLIES, HANDTRUCKS OR LUGGAGE CARRIERS",4539,0,0,7,0.14,99
25,child nursery equipment and supplies,HIGH CHAIRS,9715,2,0,11,0.09,320
26,child nursery equipment and supplies,"INFANT&TODDLER PLAY CTRS,EXCL JUMPERS,BO",991,0,0,2,0.11,37
27,child nursery equipment and supplies,NONBABY MATTRESSES,2220,0,0,4,0.17,46
28,child nursery equipment and supplies,OTHER BABY CARRIERS,414,0,0,2,0.31,13
29,child nursery equipment and supplies,PACIFIERS OR TEETHING RINGS,1031,0,0,1,0.07,30
30,child nursery equipment and supplies,PLAYPENS,3610,0,0,4,0.08,99
31,child nursery equipment and supplies,PORTABLE BABY SWINGS (FOR HOME USE),883,0,0,1,0.05,42
32,child nursery equipment and supplies,PORTABLE CRIBS,229,0,0,0,0.0,4
33,child nursery equipment and supplies,POTTY CHAIRS OR TRAINING SEATS,299,0,0,0,0.0,14
34,child nursery equipment and supplies,SHOELACE FASTENERS (FOR INFANTS),49,0,0,0,0.0,1
35,child nursery equipment and supplies,TODDLER BEDS,711,0,0,1,0.09,22
36,cleaning equipment and chemicals,ABRASIVE CLEANERS,644,0,0,1,0.1,20
37,cleaning equipment and chemicals,"AMMONIA, HOUSEHOLD",1051,0,0,1,0.08,25
38,cleaning equipment and chemicals,"AUTOMOTIVE WAXES, POLISHES OR CLEANERS",373,0,0,1,0.17,12
39,cleaning equipment and chemicals,BLEACHERS,14555,0,0,16,0.08,402
40,cleaning equipment and chemicals,BLEACHES (NONCOSMETIC),12473,0,0,22,0.13,338
41,cleaning equipment and chemicals,BUCKETS OR PAILS,14442,0,0,32,0.21,306
42,cleaning equipment and chemicals,CAUSTICS,141,0,0,2,0.8,5
43,cleaning equipment and chemicals,"DETERGENTS, NOT SPECIFIED",2121,0,0,2,0.09,44
44,cleaning equipment and chemicals,DRAIN CLEANERS,1721,0,0,4,0.24,33
45,cleaning equipment and chemicals,FLOOR BUFFERS OR WAXERS,52,0,0,0,0.0,1
46,cleaning equipment and chemicals,FLOOR WAXES,626,0,0,1,0.11,18
47,cleaning equipment and chemicals,GENERAL PURPOSE HOUSEHOLD CLEANERS,11332,0,0,20,0.14,293
48,cleaning equipment and chemicals,LAUNDRY SOAPS OR DETERGENTS,15814,0,0,15,0.06,490
49,cleaning equipment and chemicals,LUNCH BOXES OR PAILS,673,0,0,2,0.25,16
50,cleaning equipment and chemicals,MANUAL CLEANING EQUIPMENT (EXCL. BUCKETS,27589,0,0,67,0.22,602
51,cleaning equipment and chemicals,"METAL POLISHES, TARNISH REMOVERS OR PREV",101,0,0,0,0.0,1
52,cleaning equipment and chemicals,PINE OIL CLEANING AND DISINFECTANT PREPA,733,0,0,4,0.44,18
53,cleaning equipment and chemicals,"POLISHES, NOT SPECIFIED",28,0,0,0,0.0,1
54,cleaning equipment and chemicals,SHOE POLISHES,40,0,0,0,0.0,3
55,cleaning equipment and chemicals,SOAPS (EXCL. LAUNDRY SOAPS OR DETERGENTS,21126,0,0,18,0.06,594
56,cleaning equipment and chemicals,SPOT REMOVERS OR CLEANING FLUIDS,320,0,0,1,0.22,9
57,cleaning equipment and chemicals,WALLPAPER CLEANERS (CHEMICAL),101,0,0,0,0.0,1
58,clothing apparel and accessories,"ARCHERY (ACTIVITY, APPAREL OR EQUIPMENT)",3342,4,0,5,0.41,64
59,clothing apparel and accessories,"BADMINTON (ACTIVITY, APPAREL OR EQUIPMEN",2713,0,0,1,0.03,75
60,clothing apparel and accessories,"BOWLING (ACTIVITY, APPAREL OR EQUIPMENT)",13105,0,0,9,0.06,286
61,clothing apparel and accessories,"BOXING (ACTIVITY, APPAREL OR EQUIPMENT)",20845,0,0,4,0.02,520
62,clothing apparel and accessories,"CHEERLEADING (ACTIVITY, APPAREL OR EQUIP",27777,0,0,24,0.05,969
63,clothing apparel and accessories,CLOTHING ACCESSORIES,21241,14,0,59,0.35,502
64,clothing apparel and accessories,"CLOTHING, NOT SPECIFIED",30698,0,0,145,0.41,705
65,clothing apparel and accessories,COSTUMES OR MASKS,1172,0,0,2,0.11,37
66,clothing apparel and accessories,"CROQUET (ACTIVITY, APPAREL OR EQUIPMENT)",163,0,0,1,0.5,4
67,clothing apparel and accessories,"CURLING (ACTIVITY, APPAREL OR EQUIPMENT)",26,0,0,0,0.0,1
68,clothing apparel and accessories,"DANCING (ACTIVITY, APPAREL OR EQUIPMENT)",54879,0,1,65,0.09,1560
69,clothing apparel and accessories,DAY WEAR,109812,1,1,457,0.36,2552
70,clothing apparel and accessories,"FENCING (ACTIVITY, APPAREL OR EQUIPMENT)",869,0,0,1,0.12,17
71,clothing apparel and accessories,"FIELD HOCKEY (ACTIVITY, APPAREL OR EQUIP",3310,0,0,1,0.02,95
72,clothing apparel and accessories,FOOTWEAR,208038,4,1,573,0.25,4682
73,clothing apparel and accessories,"GOLF (ACTIVITY, APPAREL OR EQUIPMENT)",45008,0,1,187,0.39,970
74,clothing apparel and accessories,HATCHETS OR AXES,9596,3,0,7,0.15,171
75,clothing apparel and accessories,"HOCKEY (ACTIVITY, APPAREL OR EQUIPMENT),",18023,0,0,15,0.05,571
76,clothing apparel and accessories,"HORSEBACK RIDING (ACTIVITY, APPAREL, EQ)",38941,0,0,176,0.43,812
77,clothing apparel and accessories,"HORSESHOES (ACTIVITY, APPAREL OR EQUIPME",263,0,0,0,0.0,8
78,clothing apparel and accessories,"ICE HOCKEY (ACTIVITY, APPAREL OR EQUIPME",21412,0,0,22,0.08,570
79,clothing apparel and accessories,"ICE OR SNOW BOATING (ACTIVITY, APPAREL O",109,0,0,0,0.0,1
80,clothing apparel and accessories,"ICE SKATING (ACTIVITY, APPAREL OR EQUIPM",24507,0,0,37,0.12,642
81,clothing apparel and accessories,"IN-LINE SKATING (ACTIVITY, APPAREL, EQ.)",9980,0,0,16,0.11,280
82,clothing apparel and accessories,JEWELRY,126212,1,0,66,0.04,3763
83,clothing apparel and accessories,"LACROSSE (ACTIVITY, APPAREL OR EQUIPMENT",15306,0,0,17,0.07,463
84,clothing apparel and accessories,"MARTIAL ARTS (ACTIVITY, APPAREL OR EQUIP",35395,0,0,30,0.07,917
85,clothing apparel and accessories,"MOUNTAIN CLIMBING (ACTIVITY, APPAREL OR",6904,0,0,22,0.28,159
86,clothing apparel and accessories,NIGHTWEAR,5770,0,0,32,0.46,139
87,clothing apparel and accessories,OTHER CLOTHING,624,0,0,1,0.15,13
88,clothing apparel and accessories,"ROLLER HOCKEY (ACTIVITY, APPAREL, EQUIP.",428,0,0,0,0.0,10
89,clothing apparel and accessories,"ROLLER SKATING (ACTIVITY, APPAREL OR EQU",28406,0,0,48,0.11,853
90,clothing apparel and accessories,"SCUBA DIVING (ACTIVITY, APPAREL OR EQUIP",1749,0,0,6,0.32,38
91,clothing apparel and accessories,"SHUFFLEBOARD (ACTIVITY, APPAREL OR EQUIP",109,0,0,0,0.0,2
92,clothing apparel and accessories,"SKATING (ACTIVITY, APPAREL OR EQUIPMENT)",6373,0,0,6,0.07,171
93,clothing apparel and accessories,"SKEET SHOOTING (ACTIVITY, APPAREL OR EQU",703,0,0,3,0.55,11
94,clothing apparel and accessories,"SNOW TUBING (ACTIVITY, APPAREL OR EQUIPM",1308,0,0,3,0.22,27
95,clothing apparel and accessories,"SNOWMOBILES (ACTIVITY, APPAREL OR EQUIPM",6205,0,0,12,0.31,78
96,clothing apparel and accessories,"SOCCER (ACTIVITY, APPAREL OR EQUIP.)",255825,0,1,288,0.07,8631
97,clothing apparel and accessories,"STREET HOCKEY (ACTIVITY, APPAREL OR EQUI",746,0,0,2,0.15,27
98,clothing apparel and accessories,"TENNIS (ACTIVITY, APPAREL OR EQUIPMENT)",18834,0,2,58,0.26,501
99,clothing apparel and accessories,"TIE RACKS, BELT RACKS OR OTHER CLOTHES H",3421,0,0,9,0.17,104
100,clothing apparel and accessories,"TRACK & FIELD (ACTIVITY, APPAREL OR EQUI",31465,0,1,58,0.13,956
101,clothing apparel and accessories,WATCHES,1730,0,0,9,0.38,48
102,clothing apparel and accessories,"WATER POLO (ACTIVITY, APPAREL OR EQUIPME",804,0,0,1,0.08,26
103,clothing apparel and accessories,"WATER TUBING (ACTIVITY, APPAREL OR EQUIP",5559,0,0,6,0.12,104
104,clothing apparel and accessories,"WRESTLING (ACTIVITY, APPAREL OR EQUIPMEN",54969,0,0,73,0.09,1626
105,furniture and furnishings,BEACH CHAIRS OR FOLDING CHAIRS,8696,2,0,15,0.2,190
106,furniture and furnishings,BED RAILS,6569,0,1,28,0.37,173
107,furniture and furnishings,"BEDDING, NOT SPECIFIED",1086,0,0,3,0.35,17
108,furniture and furnishings,"BEDS OR BEDFRAMES, OTHER OR NOT SPEC",731255,1,27,4305,0.49,17992
109,furniture and furnishings,"BEDSPREADS, THROWS OR COMFORTERS",1554,0,0,10,0.57,35
110,furniture and furnishings,BENCH OR TABLE SAWS,30191,75,0,47,0.74,534
111,furniture and furnishings,BUNK BEDS,32880,0,0,72,0.16,917
112,furniture and furnishings,CABINET OR DOOR HARDWARE,26919,5,0,68,0.22,702
113,furniture and furnishings,"CABINETS, RACKS, ROOM DIVIDERS AND SHELV",157013,1,0,362,0.19,3811
114,furniture and furnishings,"CHAIRS, OTHER OR NOT SPECIFIED",345334,2,3,1704,0.4,8506
115,furniture and furnishings,"CONVERTIBLE BEDS, HIDEAWAY BEDS OR SOFA",571,0,0,0,0.0,12
116,furniture and furnishings,DESK SUPPLIES,9447,0,0,16,0.1,306
117,furniture and furnishings,"DESKS, CHESTS, BUREAUS OR BUFFETS",113293,5,5,323,0.24,2926
118,furniture and furnishings,"DRAPERIES, CURTAINS, SHOWER CURTAINS(FAB",7359,0,1,24,0.37,152
119,furniture and furnishings,"DRAPERY OR CURTAIN RODS, HOOKS OR RINGS",3256,1,0,4,0.14,85
120,furniture and furnishings,"DRUGS OR MEDICATIONS, NOT SPECIFIED",181,0,0,1,0.29,7
121,furniture and furnishings,"FLOOR OR TABLE LAMPS, ELECTRIC EXCL HALO",7203,0,0,21,0.23,179
122,furniture and furnishings,"FLOOR OR TABLE LAMPS, HALOGEN",134,0,0,1,0.5,4
123,furniture and furnishings,"FOOTSTOOLS, OTTOMANS OR HASSOCKS",6517,0,0,18,0.18,199
124,furniture and furnishings,FURNITURE POLISHES OR WAXES,455,0,0,1,0.25,8
125,furniture and furnishings,"FURNITURE, NOT SPECIFIED",73049,1,0,175,0.22,1589
126,furniture and furnishings,FUTONS,1471,0,0,3,0.2,30
127,furniture and furnishings,INFLATABLE FURNITURE,3030,0,0,7,0.18,79
128,furniture and furnishings,INFLATABLE TOYS,659,0,0,3,0.38,16
129,furniture and furnishings,LIQUID DRUGS,1856,0,0,11,0.34,65
130,furniture and furnishings,"MATTRESSES, NOT SPECIFIED",16011,0,0,51,0.26,399
131,furniture and furnishings,OTHER BEDDING,646,0,0,6,0.86,14
132,furniture and furnishings,OTHER DRUGS OR MEDICATIONS,3926,0,0,32,0.48,132
133,furniture and furnishings,OTHER FURNITURE,814,1,0,0,0.27,15
134,furniture and furnishings,OTHER PORTABLE OR STATIONARY POWER TOOLS,3071,1,0,3,0.15,67
135,furniture and furnishings,PORTABLE CIRCULAR POWER SAWS,10366,23,0,29,0.73,205
136,furniture and furnishings,PORTABLE FOOD OR BEVERAGE COOLERS,6147,0,0,9,0.14,132
137,furniture and furnishings,PORTABLE POWER DRILLS AND ACCESSORIES,1281,1,0,1,0.26,23
138,furniture and furnishings,PORTABLE SWIMMING POOLS,1415,0,0,5,0.26,38
139,furniture and furnishings,RECLINER CHAIR,46355,0,0,299,0.65,918
140,furniture and furnishings,ROCKING CHAIR,5628,0,0,10,0.14,146
141,furniture and furnishings,RUG SHAMPOOERS,285,0,0,1,0.33,6
142,furniture and furnishings,"RUGBY (ACTIVITY, APPAREL OR EQUIPMENT)",9618,0,0,12,0.09,262
143,furniture and furnishings,"RUGS OR CARPETS, NOT SPECIFIED",133157,1,1,630,0.39,3232
144,furniture and furnishings,"RUNNERS, THROW RUGS OR DOORMATS",20881,0,1,75,0.38,416
145,furniture and furnishings,"SOFAS, COUCHES, DAVENPORTS, DIVANS OR ST",169836,1,6,657,0.29,4760
146,furniture and furnishings,TABLE LINENS,294,0,0,1,0.25,8
147,furniture and furnishings,"TABLE TENNIS (ACTIVITY, APPAREL OR EQUIP",2107,0,1,9,0.47,55
148,furniture and furnishings,"TABLES, NOT ELSEWHERE CLASSIFIED",321650,5,4,894,0.21,8782
149,furniture and furnishings,TABLET OR CAPSULE DRUGS,15576,0,0,161,0.57,565
150,furniture and furnishings,TABLEWARE AND ACCESSORIES,52795,0,0,120,0.19,1245
151,furniture and furnishings,TELEVISION TABLES OR STANDS,11434,0,1,20,0.14,337
152,furniture and furnishings,TOY BOXES OR CHESTS,2963,0,0,3,0.06,108
153,furniture and furnishings,WATERBEDS OR WATER PILLOWS,26,0,0,0,0.0,1
154,home entertainment and electronics,AMATEUR TWO-WAY RADIOS,59,0,0,0,0.0,2
155,home entertainment and electronics,PROJECTORS,208,0,0,0,0.0,6
156,home entertainment and electronics,RADIOS (SELF-CONTAINED UNITS),345,0,0,0,0.0,6
157,home entertainment and electronics,"RADIOS, NOT SPECIFIED",273,0,0,1,0.25,8
158,home entertainment and electronics,STEREO OR HI-FI COMPONENTS OR ACCESSORIE,16805,0,0,10,0.05,398
159,home entertainment and electronics,TELEPHONES OR TELEPHONE ACCESSORIES,35649,0,0,103,0.23,881
160,home entertainment and electronics,TELEVISIONS,17719,1,0,47,0.21,459
161,home entertainment and electronics,VIDEO PLAYERS AND RECORDERS(EXCL.CAMERAS,558,0,0,1,0.17,12
162,home structures and construction materials,AUTOMATIC DOORS OR DOOR OPENERS,1470,0,0,4,0.24,34
163,home structures and construction materials,AUTOMATIC GARAGE DOORS OR DOOR OPENERS,1553,2,0,2,0.39,31
164,home structures and construction materials,CEILINGS AND WALLS (PART OF COMPLETED ST,354611,1,3,994,0.22,9116
165,home structures and construction materials,COUNTERS OR COUNTERTOPS,73992,0,1,253,0.27,1876
166,home structures and construction materials,"DARTS, INDOOR USE (ACTIVITY OR EQUIP.)",177,0,0,2,0.57,7
167,home structures and construction materials,DOOR SILLS OR FRAMES,72387,0,0,184,0.23,1625
168,home structures and construction materials,"DOORS, OTHER OR NOT SPECIFIED",268680,102,3,511,0.2,7100
169,home structures and construction materials,DOORSTOPS,1352,0,0,4,0.24,34
170,home structures and construction materials,FLOOR FURNACES (BUILT INTO FLOOR),78,0,0,0,0.0,2
171,home structures and construction materials,FLOORS OR FLOORING MATERIALS,2702263,8,114,18898,0.62,62329
172,home structures and construction materials,GARAGE DOORS (EXCL. AUTOMATIC GARAGE DOO,14411,10,1,32,0.37,300
173,home structures and construction materials,"HANDRAILS, RAILINGS OR BANISTERS",51630,0,1,157,0.24,1332
174,home structures and construction materials,OUTDOOR ANTENNAS (SEPARATE),426,0,0,3,0.75,8
175,home structures and construction materials,OUTDOOR AWNINGS OR SHUTTERS,1744,0,0,3,0.19,32
176,home structures and construction materials,"PORCHES, BALCONIES, OPEN-SIDE FLOORS OR",127107,0,2,537,0.39,2828
177,home structures and construction materials,PULL-DOWN OR FOLDING STAIRS,790,0,0,3,0.46,13
178,home structures and construction materials,RAMPS OR LANDINGS,26348,2,0,104,0.37,579
179,home structures and construction materials,"ROOM-SIZED, WALL-TO-WALL OR OUTDOOR CARP",14866,0,0,61,0.24,506
180,home structures and construction materials,STAIRS OR STEPS,1127248,2,18,4023,0.3,27082
181,home structures and construction materials,STORM WINDOWS,420,0,0,0,0.0,4
182,home structures and construction materials,THERMAL OR SOUND INSULATION MATERIALS,1877,0,0,3,0.13,45
183,home structures and construction materials,WINDOW OR DOOR SECURITY BARRIERS,1145,0,0,6,0.4,30
184,home structures and construction materials,WINDOW SCREENS,852,0,0,8,0.59,27
185,home structures and construction materials,"WINDOW SHADES, VENETIAN BLINDS OR INDOOR",3031,0,1,7,0.31,71
186,home structures and construction materials,WINDOW SILLS OR FRAMES,18539,0,0,29,0.1,557
187,home structures and construction materials,"WINDOWS & WINDOW GLASS, EXCL STORM WINDO",74864,3,4,280,0.33,1817
188,household appliances,AIR CONDITIONERS,13331,1,0,26,0.2,276
189,household appliances,AIR PURIFIERS,393,0,0,0,0.0,8
190,household appliances,"CLOTHES DRYERS, NOT SPECIFIED",7310,1,1,13,0.24,157
191,household appliances,CLOTHING IRONS,3184,0,0,5,0.1,98
192,household appliances,COAL OR WOOD-BURNING STOVES,2940,0,0,7,0.32,44
193,household appliances,"COFFEE MAKERS OR TEAPOTS, NOT SPECIFIED",2866,0,0,9,0.26,69
194,household appliances,DEHUMIDIFIERS,463,0,0,1,0.29,7
195,household appliances,DISHWASHER DETERGENTS,1671,0,0,2,0.1,40
196,household appliances,DISHWASHERS,10825,0,0,22,0.19,233
197,household appliances,ELECTRIC BASEBOARD HEATERS,521,0,0,2,0.4,10
198,household appliances,ELECTRIC BLENDERS,8654,0,0,3,0.03,194
199,household appliances,ELECTRIC CLOTHES DRYERS WITHOUT WASHERS,80,0,0,0,0.0,2
200,household appliances,ELECTRIC COFFEE MAKERS OR TEAPOTS,85,0,0,0,0.0,3
201,household appliances,"ELECTRIC COUNTER-TOP OVENS, BROILERS OR",242,0,0,0,0.0,6
202,household appliances,ELECTRIC DEEP FRYERS,833,0,0,2,0.27,15
203,household appliances,"ELECTRIC HEATERS, NOT ELSEWHERE CLASSIFI",703,0,0,2,0.31,13
204,household appliances,ELECTRIC KETTLES OR HOT POTS,452,0,0,2,0.29,14
205,household appliances,ELECTRIC MIXERS,1059,0,0,1,0.08,24
206,household appliances,ELECTRIC RANGES OR OVENS (EXCL COUNTER-T,2314,0,0,3,0.1,59
207,household appliances,ELECTRIC WAFFLE IRONS,99,0,0,0,0.0,5
208,household appliances,ELECTRIC WATER HEATERS,131,0,0,0,0.0,2
209,household appliances,FANS,16787,1,0,26,0.14,390
210,household appliances,FAUCET WATER HEATERS,52,0,0,0,0.0,1
211,household appliances,FREEZERS (SEPARATE FROM REFRIGERATORS),6578,0,0,12,0.18,136
212,household appliances,GARBAGE DISPOSERS,387,0,0,2,0.5,8
213,household appliances,GAS CLOTHES DRYERS WITHOUT WASHERS,206,0,0,0,0.0,2
214,household appliances,GAS OR LP GRILLS OR STOVES,1738,0,0,6,0.31,39
215,household appliances,"GAS OR LP HEATERS, OTHER OR NOT SPEC",1167,0,0,1,0.12,17
216,household appliances,GAS RANGES OR OVENS,4500,0,0,10,0.21,96
217,household appliances,GAS WATER HEATERS,436,0,0,2,0.33,12
218,household appliances,"HAIR CURLERS, CURLING IRONS, CLIPS & HAI",12174,0,0,22,0.11,399
219,household appliances,HAIR DRYERS,1695,0,0,3,0.13,45
220,household appliances,"HEATERS OR HEATING SYSTEMS, OTHER/N.S.",9247,0,0,38,0.37,203
221,household appliances,HUMIDIFIERS,768,0,0,3,0.29,21
222,household appliances,ICE MAKERS (SEPARATE FROM REFRIGERATORS),476,0,0,2,0.33,12
223,household appliances,IRONING BOARDS OR COVERS,1121,0,0,3,0.18,33
224,household appliances,KEROSENE GRILLS OR STOVES,183,0,0,0,0.0,3
225,household appliances,KEROSENE OR OIL HEATERS,474,0,0,1,0.22,9
226,household appliances,"METAL CHIMNEYS, STOVEPIPES OR FLUES",235,0,0,0,0.0,4
227,household appliances,MICROWAVE OVENS,10494,0,0,34,0.25,272
228,household appliances,OTHER GRILLS OR STOVES,3155,0,0,8,0.2,81
229,household appliances,OTHER RANGES OR OVENS,1287,0,0,7,0.42,33
230,household appliances,OUTDOOR PATIO HEATERS OR FIREPITS (MANUF,6573,0,0,28,0.37,151
231,household appliances,OVEN CLEANERS,600,0,0,1,0.14,14
232,household appliances,PORTABLE ELECTRIC HEATERS,2586,0,0,16,0.48,66
233,household appliances,PORTABLE GAS OR LP HEATERS,863,0,0,4,0.5,16
234,household appliances,"POTHOLDERS, OVEN MITTS OR HOT PADS",339,0,0,0,0.0,8
235,household appliances,PREPARATIONS CONTAINING IRON SALTS,417,0,0,6,0.48,25
236,household appliances,"RANGES OR OVENS, NOT SPECIFIED",32969,0,0,98,0.23,837
237,household appliances,REFRIGERATORS,38330,3,0,127,0.3,889
238,household appliances,SLOW COOKERS,1965,0,0,2,0.1,42
239,household appliances,TOASTERS,728,0,0,2,0.22,18
240,household appliances,TRASH COMPACTORS,365,0,0,2,0.57,7
241,household appliances,UNPOWERED COFFEE MAKERS OR TEAPOTS,371,0,0,1,0.2,10
242,household appliances,VACUUM CLEANERS,15542,0,0,44,0.26,341
243,household appliances,VACUUM CONTAINERS,1786,1,0,5,0.25,55
244,household appliances,"WATER HEATERS, NOT SPECIFIED",3152,0,0,7,0.26,53
245,kitchen and cooking equipment,CHAFING DISHES OR FONDUE POTS,35,0,0,0,0.0,2
246,kitchen and cooking equipment,CHARCOAL OR WOOD-BURNING GRILLS,1136,0,0,3,0.21,29
247,kitchen and cooking equipment,"COOKWARE, NOT SPECIFIED",25203,0,1,81,0.3,576
248,kitchen and cooking equipment,ELECTRIC GRILLS,274,0,0,1,0.5,4
249,kitchen and cooking equipment,ELECTRIC KNIFE SHARPENERS,28,0,0,0,0.0,1
250,kitchen and cooking equipment,FLATWARE (EXCLUDING KNIVES),8021,0,0,20,0.18,221
251,kitchen and cooking equipment,FOOD PROCESSORS,1951,2,0,2,0.26,46
252,kitchen and cooking equipment,FUELS FOR CHAFING DISHES OR FONDUE POTS,77,0,0,1,0.67,3
253,kitchen and cooking equipment,GLASS DOORS OR DOORS W/GLASS PANELS,20566,2,0,39,0.17,509
254,kitchen and cooking equipment,"GRILLS, NOT SPECIFIED",10162,4,0,21,0.24,237
255,kitchen and cooking equipment,"KITCHEN MIXING BOWLS, CANISTERS OR SIMIL",1856,0,0,1,0.06,35
256,kitchen and cooking equipment,"KNIFE SHARPENERS, NOT SPECIFIED",1533,1,0,2,0.27,30
257,kitchen and cooking equipment,METAL COOKWARE (NONELECTRIC),5088,0,0,15,0.2,151
258,kitchen and cooking equipment,NONELECTRIC KNIFE SHARPENERS,153,0,0,0,0.0,3
259,kitchen and cooking equipment,NONMETAL COOKWARE (NONELECTRIC),1393,0,0,1,0.08,25
260,kitchen and cooking equipment,OTHER COOKWARE,3555,0,0,5,0.12,80
261,kitchen and cooking equipment,"PANELBOARDS, CIRCUIT BREAKERS, GFCI'S",2044,0,0,3,0.13,46
262,kitchen and cooking equipment,PLANT FOODS OR FERTILIZERS FOR POTTED PL,182,0,0,0,0.0,4
263,kitchen and cooking equipment,PLASTIC PANELS FOR DOORS OR WINDOWS,124,0,0,0,0.0,3
264,kitchen and cooking equipment,PRESSURE COOKERS OR CANNERS,1650,0,0,4,0.2,41
265,kitchen and cooking equipment,"PROPANE, LP OR BUTANE GAS TANKS OR FITTI",6103,0,2,25,0.57,116
266,kitchen and cooking equipment,WOOD PANELING AND PARTICLEBOARD,1174,0,0,1,0.09,23
267,lighting and electrical equipment,CHRISTMAS TREE LIGHTS,2145,0,0,9,0.34,53
268,lighting and electrical equipment,CIGARETTE OR PIPE LIGHTERS,1949,0,0,21,0.84,50
269,lighting and electrical equipment,ELECTRIC CHANDELIERS OR OTHER ATTACHED L,3478,0,0,8,0.19,83
270,lighting and electrical equipment,"ELECTRIC LIGHTING EQUIPMENT, NOT SPECIFI",2002,0,0,4,0.17,48
271,lighting and electrical equipment,ELECTRIC MULTI-PURPOSE LIGHTERS,101,0,0,1,1.0,2
272,lighting and electrical equipment,ELECTRICAL OUTLETS OR RECEPTACLES,5880,0,0,14,0.17,169
273,lighting and electrical equipment,EXTENSION CORDS,3683,0,0,8,0.2,79
274,lighting and electrical equipment,FUEL MULTI-PURPOSE LIGHTERS (INC. MICRO,1177,0,0,6,0.48,25
275,lighting and electrical equipment,FUEL-BURNING LIGHTING EQUIPMENT,403,0,0,4,0.67,12
276,lighting and electrical equipment,GENERATORS OR POWER PLANTS,4293,1,0,14,0.44,73
277,lighting and electrical equipment,HEAT OR INFRARED LAMPS,269,0,0,0,0.0,6
278,lighting and electrical equipment,LAMP OILS,77,0,0,0,0.0,2
279,lighting and electrical equipment,LIGHT BULBS,7298,0,0,17,0.21,159
280,lighting and electrical equipment,LIGHTER FLUIDS,1787,0,0,15,0.79,38
281,lighting and electrical equipment,"LIGHTERS, NOT SPECIFIED",2216,0,0,17,0.68,50
282,lighting and electrical equipment,"LIGHTING EQUIPMENT, NOT SPECIFIED",2658,1,0,8,0.33,61
283,lighting and electrical equipment,"LIGHTNING RODS, ARRESTERS OR OTHER GROUN",84,0,0,0,0.0,3
284,lighting and electrical equipment,"MULTI-PURPOSE LIGHTERS, NOT SPEC.",35,0,0,0,0.0,2
285,lighting and electrical equipment,NIGHT-LIGHTS,180,0,0,0,0.0,4
286,lighting and electrical equipment,OTHER ELECTRIC LIGHTING EQUIPMENT,1190,0,0,2,0.14,28
287,lighting and electrical equipment,OUTDOOR ELECTRIC LIGHTING EQUIPMENT,807,0,0,2,0.22,18
288,lighting and electrical equipment,SURGE SUPPRESSORS OR POWER STRIPS,275,0,0,0,0.0,6
289,other / not elsewhere classified,<5 POISONING - NO OTHER CODE,1061,0,0,4,0.18,45
290,other / not elsewhere classified,ACIDS,1063,0,0,2,0.18,22
291,other / not elsewhere classified,ADHESIVES,8665,0,0,1,0.01,197
292,other / not elsewhere classified,ALL TERRAIN VEHICLES (MORE THAN 4 WHEELS,406,0,0,0,0.0,9
293,other / not elsewhere classified,"ALL-TERRAIN VEHICLES, 3 WHEELS ONLY, EXC",2073,0,0,8,0.46,35
294,other / not elsewhere classified,"ALL-TERRAIN VEHICLES, 4 WHEELS ONLY (EXC",48211,1,3,157,0.39,868
295,other / not elsewhere classified,"ALL-TERRAIN VEHICLES, NO. WHEELS NS (EXC",33004,5,4,266,0.69,851
296,other / not elsewhere classified,ALUMINUM FOIL WRAPPING PRODUCTS,1584,0,0,1,0.05,42
297,other / not elsewhere classified,ANIMAL TRAPS,1360,1,0,4,0.43,28
298,other / not elsewhere classified,"ANTENNAS, NOT SPECIFIED",237,0,0,0,0.0,4
299,other / not elsewhere classified,ANTIFREEZE,1520,0,0,3,0.18,34
300,other / not elsewhere classified,ANTIHISTAMINES,1970,0,0,6,0.17,71
301,other / not elsewhere classified,"APPLIANCES, OTHER OR NOT SPECIFIED",2083,1,0,2,0.17,48
302,other / not elsewhere classified,AQUARIUMS OR ACCESSORIES,4116,0,1,12,0.32,100
303,other / not elsewhere classified,ART OR CERAMIC SUPPLIES & EQUIP,7689,0,0,2,0.02,202
304,other / not elsewhere classified,ARTIFICIAL CHRISTMAS TREES,1637,0,0,6,0.34,35
305,other / not elsewhere classified,ARTIFICIAL FLOWERS OR PLANTS,675,0,0,2,0.21,19
306,other / not elsewhere classified,ARTIFICIAL TURF,2350,0,0,1,0.02,128
307,other / not elsewhere classified,ASPIRIN OR ASPIRIN COMPOUNDS,395,0,0,4,0.42,19
308,other / not elsewhere classified,ASPIRIN SUBSTITUTES,3588,0,0,11,0.14,155
309,other / not elsewhere classified,AUTOMOTIVE CHEMICALS,1576,0,0,2,0.12,34
310,other / not elsewhere classified,"AWLS, CHISELS OR PLANES",3250,1,0,2,0.14,57
311,other / not elsewhere classified,"BARS AND BAR ACCESSORIES, NOT ELSEWHERE",3173,0,0,5,0.14,71
312,other / not elsewhere classified,BB'S OR PELLETS,2166,1,0,3,0.18,55
313,other / not elsewhere classified,BENCHES,47730,0,2,130,0.2,1351
314,other / not elsewhere classified,"BLANKETS, NOT SPECIFIED",16683,0,1,60,0.32,404
315,other / not elsewhere classified,BOILERS,1223,0,0,1,0.08,24
316,other / not elsewhere classified,"BOOKS, MAGAZINES, ALBUMS OR SCRAPBOOKS",5773,0,0,11,0.14,153
317,other / not elsewhere classified,BREAD MAKING MACHINES,108,0,0,0,0.0,3
318,other / not elsewhere classified,"BRICK, STONE OR MASONRY CHIMNEYS",211,0,0,0,0.0,4
319,other / not elsewhere classified,"BRUSHCUTTERS, POWERED",503,2,0,0,1.0,8
320,other / not elsewhere classified,BUILT-IN FIREPLACES,1326,0,0,6,0.22,55
321,other / not elsewhere classified,BURGLAR ALARMS,80,0,0,0,0.0,2
322,other / not elsewhere classified,BUSINESS AND OFFICE MACHINES,1663,1,0,5,0.37,38
323,other / not elsewhere classified,BUTANE OR LP GAS METERS,119,0,0,0,0.0,3
324,other / not elsewhere classified,CARBON MONOXIDE DETECTORS,2339,0,0,1,0.03,58
325,other / not elsewhere classified,"CARTS, OTHER OR NOT SPECIFIED",11744,0,0,24,0.18,261
326,other / not elsewhere classified,CAULKING OR SPACKLING COMPOUNDS,446,0,0,0,0.0,9
327,other / not elsewhere classified,"CHAINS, NOT ELSEWHERE CLASSIFIED",2226,0,1,3,0.33,42
328,other / not elsewhere classified,CHARCOAL,807,0,0,3,0.35,17
329,other / not elsewhere classified,"CHEMICALS, OTHER AND NOT ELSEWHERE CLASS",10866,0,0,20,0.17,232
330,other / not elsewhere classified,CHEMISTRY SETS OR SCIENCE KITS,93,0,0,0,0.0,5
331,other / not elsewhere classified,"CHILDREN'S PLAY TENTS, PLAY TUNNELS OR",394,0,0,0,0.0,17
332,other / not elsewhere classified,"CHIMNEYS, NOT SPECIFIED",531,0,0,2,0.33,12
333,other / not elsewhere classified,CHRISTMAS DECORATIONS (NONELECTRIC),6227,0,0,24,0.25,192
334,other / not elsewhere classified,CHRISTMAS TREE STANDS OR SUPPORTS,181,0,0,0,0.0,4
335,other / not elsewhere classified,CLOTHES STEAMERS,374,0,0,0,0.0,9
336,other / not elsewhere classified,CLOTHESLINES OR CLOTHES DRYING RACKS,654,0,0,1,0.15,13
337,other / not elsewhere classified,CLOTHESPINS,92,0,0,1,0.5,4
338,other / not elsewhere classified,CO POISONING (SOURCE UNKNOWN),5906,0,0,21,0.24,174
339,other / not elsewhere classified,COAXIAL CABLE,860,0,0,1,0.13,15
340,other / not elsewhere classified,COIN-OPERATED CAR-WASHING EQUIPMENT,430,0,0,1,0.29,7
341,other / not elsewhere classified,COINS,31964,0,0,261,0.38,1376
342,other / not elsewhere classified,COMPACT DISKS(CDS) AND DVDS,137,0,0,1,0.5,4
343,other / not elsewhere classified,"CORDS, ELECTRICAL, OTHER OR NOT SPEC",12647,0,0,32,0.26,245
344,other / not elsewhere classified,CORKSCREWS,138,0,0,0,0.0,3
345,other / not elsewhere classified,COTS,1040,0,0,2,0.11,35
346,other / not elsewhere classified,CRAYONS OR CHALK,2890,0,0,3,0.05,114
347,other / not elsewhere classified,CUTTING TORCHES,317,0,0,2,0.44,9
348,other / not elsewhere classified,"DARTS, NOT SPECIFIED",570,0,0,2,0.5,8
349,other / not elsewhere classified,"DEC WATER FEATURES, INCL PONDS/FOUNTAINS",2033,1,0,5,0.3,46
350,other / not elsewhere classified,DIESEL FUELS,371,0,0,1,0.29,7
351,other / not elsewhere classified,DISHWASHING LIQUID,1331,0,0,1,0.05,41
352,other / not elsewhere classified,DIVING OR DIVING BOARDS,3998,0,0,17,0.28,123
353,other / not elsewhere classified,DRAIN SNAKES,365,0,0,1,0.33,6
354,other / not elsewhere classified,DRINKING FOUNTAINS,849,0,0,2,0.17,23
355,other / not elsewhere classified,DRINKING GLASSES,61571,0,0,117,0.15,1593
356,other / not elsewhere classified,DRINKING STRAWS,4167,0,0,6,0.07,172
357,other / not elsewhere classified,DRY ICE,181,0,0,1,0.4,5
358,other / not elsewhere classified,DUCTWORK FOR HEATING OR COOLING SYSTEMS,4984,0,0,9,0.15,121
359,other / not elsewhere classified,DUNE BUGGIES,843,0,0,4,0.5,16
360,other / not elsewhere classified,EAR PROTECTION DEVICES,1970,0,0,1,0.04,46
361,other / not elsewhere classified,ELECTRIC BLANKETS OR SHEETS,388,0,0,4,0.73,11
362,other / not elsewhere classified,ELECTRIC CHRISTMAS DECORATIONS (EXCL. TR,3532,0,0,15,0.36,84
363,other / not elsewhere classified,ELECTRIC CORN POPPERS,51,0,0,0,0.0,2
364,other / not elsewhere classified,"ELECTRIC FIREPLACES, FACTORY BUILT",353,0,0,2,0.57,7
365,other / not elsewhere classified,ELECTRIC GRIDDLES,208,0,0,0,0.0,7
366,other / not elsewhere classified,ELECTRIC HEATING PADS,3708,0,0,12,0.33,72
367,other / not elsewhere classified,ELECTRIC MOTORS (SEPARATE),313,0,0,0,0.0,5
368,other / not elsewhere classified,ELECTRIC WIRE OR WIRING SYSTEMS (EXCL. P,3646,1,0,24,0.55,94
369,other / not elsewhere classified,ELECTRICAL TESTING EQUIPMENT,52,0,0,0,0.0,1
370,other / not elsewhere classified,ELEVATORS OR OTHER LIFTS (EXCL. ESCALATO,15123,1,0,64,0.36,371
371,other / not elsewhere classified,ESCALATORS,12618,0,0,60,0.34,356
372,other / not elsewhere classified,EYE PROTECTION DEVICES,8750,0,0,5,0.06,168
373,other / not elsewhere classified,FABRIC TREATMENT PRODUCTS,1385,0,0,2,0.11,38
374,other / not elsewhere classified,FABRICS (NOT PART OF FINISHED ITEM),1210,0,0,1,0.09,23
375,other / not elsewhere classified,FAUCETS OR SPIGOTS,4807,0,0,15,0.24,126
376,other / not elsewhere classified,FERTILIZERS AND OTHER CHEMICALS FOR OUTD,903,0,0,3,0.27,22
377,other / not elsewhere classified,"FERTILIZERS, NOT SPECIFIED",3335,0,0,10,0.21,96
378,other / not elsewhere classified,FILTERS,654,0,0,2,0.27,15
379,other / not elsewhere classified,FIRE ESCAPE DEVICES,1001,0,0,3,0.3,20
380,other / not elsewhere classified,FIRE EXTINGUISHERS,2111,0,0,4,0.15,52
381,other / not elsewhere classified,FIRE OR SMOKE ALARMS,1746,0,0,6,0.27,44
382,other / not elsewhere classified,FIREPLACE EQUIPMENT,513,0,1,0,0.47,17
383,other / not elsewhere classified,"FIREPLACES, NOT SPECIFIED",10498,0,0,29,0.18,326
384,other / not elsewhere classified,FIREWORKS,12126,15,1,78,0.73,308
385,other / not elsewhere classified,FLARES,52,0,0,0,0.0,1
386,other / not elsewhere classified,FLYING DISCS AND BOOMERANGS,5131,0,0,5,0.07,151
387,other / not elsewhere classified,FOOD GRINDERS,1479,4,0,4,0.89,27
388,other / not elsewhere classified,FOOD SKEWERS,690,0,0,1,0.12,17
389,other / not elsewhere classified,FOOD WARMERS,59,0,0,1,1.0,2
390,other / not elsewhere classified,FOOTLOCKERS,1016,0,0,2,0.21,19
391,other / not elsewhere classified,"FUEL OILS, NOT SPECIFIED",833,0,0,6,0.71,17
392,other / not elsewhere classified,FUEL STORAGE TANKS,4960,1,1,12,0.37,98
393,other / not elsewhere classified,"FURNACES, NOT SPECIFIED",2053,0,0,5,0.21,48
394,other / not elsewhere classified,GAS FUMES OR VAPORS OF UNKNOWN ORIGIN,2771,0,0,7,0.26,54
395,other / not elsewhere classified,GAS FURNACES,840,0,0,0,0.0,20
396,other / not elsewhere classified,"GAS, AIR OR SPRING-OPERATED GUNS",4340,0,0,9,0.15,119
397,other / not elsewhere classified,"GAS-BURNING FIREPLACES, FACTORY BUILT",402,0,0,0,0.0,8
398,other / not elsewhere classified,GASOLINE,8456,0,0,58,0.58,200
399,other / not elsewhere classified,GENERAL HOME OR ROOM INVOLVEMENT IN FIRE,21471,0,21,189,0.99,549
400,other / not elsewhere classified,GLASS TUBING OR TEST TUBES,362,0,0,1,0.29,7
401,other / not elsewhere classified,GLUE GUNS,790,0,0,1,0.07,28
402,other / not elsewhere classified,GO-CARTS,11151,3,0,33,0.27,291
403,other / not elsewhere classified,GOLF CARTS,25145,4,2,142,0.58,544
404,other / not elsewhere classified,GROCERY OR SHOPPING CARTS,27794,0,0,67,0.18,740
405,other / not elsewhere classified,"GUTTERS, DRAINPIPES, DOWNSPOUTS OR RUN-O",5454,0,0,37,0.59,125
406,other / not elsewhere classified,"HAIR GROOMING EQUIPMENT OR ACCESSORIES,",828,0,0,1,0.09,22
407,other / not elsewhere classified,HAMMOCKS,6633,0,0,16,0.18,177
408,other / not elsewhere classified,HEAT PUMPS,431,0,0,1,0.29,7
409,other / not elsewhere classified,"HEAT TAPES, ELECTRIC",163,0,0,0,0.0,7
410,other / not elsewhere classified,HEATING OR COOLING COMFORT PACKS (NONELE,1512,0,0,3,0.18,34
411,other / not elsewhere classified,"HOISTS, LIFTS, JACKS OR JACK STANDS",7824,10,0,11,0.52,120
412,other / not elsewhere classified,HOT PLATES,630,0,0,1,0.15,13
413,other / not elsewhere classified,HOT WATER,36375,0,0,138,0.28,991
414,other / not elsewhere classified,HOUSE REPAIR OR CONSTRUCTION MAT'L NEC,28337,2,0,28,0.13,484
415,other / not elsewhere classified,ICE CREAM MAKERS,160,0,0,0,0.0,3
416,other / not elsewhere classified,ICE PICKS,101,0,0,0,0.0,1
417,other / not elsewhere classified,INCINERATORS,52,0,0,0,0.0,1
418,other / not elsewhere classified,"INSECT TRAPS, POWERED",154,0,0,0,0.0,2
419,other / not elsewhere classified,JUICERS,254,1,0,0,0.44,9
420,other / not elsewhere classified,KEROSENE,116,0,0,2,2.0,2
421,other / not elsewhere classified,"KEYS, KEY RINGS OR KEY CHAINS",5038,0,0,23,0.33,141
422,other / not elsewhere classified,"KITCHEN GADGETS, NOT ELSEWHERE CLASSIFIE",21450,2,0,63,0.2,656
423,other / not elsewhere classified,KITES OR KITE STRING,185,0,0,2,0.67,6
424,other / not elsewhere classified,"KNICKKNACKS, STATUES, VASES OR URNS",11916,0,0,23,0.15,310
425,other / not elsewhere classified,KNIVES WITH REPLACEABLE BLADES,35783,3,0,14,0.06,677
426,other / not elsewhere classified,"KNIVES, NOT ELSEWHERE CLASSIFIED",313754,32,0,132,0.06,6432
427,other / not elsewhere classified,LAPIDARY EQUIPMENT,52,0,0,0,0.0,1
428,other / not elsewhere classified,LASER POINTERS,282,0,0,0,0.0,8
429,other / not elsewhere classified,LAUNDRY BASKETS,10575,0,0,31,0.27,228
430,other / not elsewhere classified,LAUNDRY HAMPERS,1711,0,0,3,0.18,34
431,other / not elsewhere classified,LEAF BLOWERS,5742,3,0,13,0.32,119
432,other / not elsewhere classified,LEVELS,204,0,0,0,0.0,5
433,other / not elsewhere classified,LINIMENTS OR RUBBING COMPOUNDS,830,0,0,2,0.11,35
434,other / not elsewhere classified,LIQUID ROOM DEODORIZERS OR FRESHENERS,1158,0,0,4,0.22,36
435,other / not elsewhere classified,LOCKERS,4582,0,0,3,0.05,128
436,other / not elsewhere classified,LOG SPLITTERS,7037,8,0,9,0.43,115
437,other / not elsewhere classified,LUGGAGE,19866,0,0,54,0.23,473
438,other / not elsewhere classified,LYE,185,0,0,2,0.8,5
439,other / not elsewhere classified,MAGAZINE RACKS OR BOOKENDS,214,0,0,0,0.0,5
440,other / not elsewhere classified,MANICURING DEVICES,37269,0,0,69,0.16,848
441,other / not elsewhere classified,MANUAL SCISSORS,3833,0,0,5,0.11,95
442,other / not elsewhere classified,MASSAGE DEVICES OR VIBRATORS,10176,0,0,45,0.41,217
443,other / not elsewhere classified,"MATCHES, NOT SPECIFIED",303,0,0,2,0.4,10
444,other / not elsewhere classified,METAL OR PLASTIC MOLDING SETS,140,0,0,0,0.0,3
445,other / not elsewhere classified,METHYL ALCOHOL (SOLVENT),253,0,0,4,1.14,7
446,other / not elsewhere classified,MIRRORS OR MIRROR GLASS,18660,1,0,24,0.1,498
447,other / not elsewhere classified,MOLDING COMPOUNDS,3567,0,0,2,0.03,128
448,other / not elsewhere classified,"MOTORIZED VEHICLES, NEC (3 OR MORE WHLS)",20450,0,0,16,0.15,215
449,other / not elsewhere classified,MOVING WALKS,568,0,0,1,0.17,12
450,other / not elsewhere classified,NAIL GUNS OR STUD DRIVERS,4277,0,0,8,0.19,84
451,other / not elsewhere classified,"NAILS, SCREWS, TACKS OR BOLTS",73608,0,0,141,0.18,1581
452,other / not elsewhere classified,NONELECTRIC BLANKETS,974,0,0,6,0.38,32
453,other / not elsewhere classified,NONELECTRIC SOLDERING EQUIPMENT,28,0,0,0,0.0,1
454,other / not elsewhere classified,OIL FURNACES,26,0,0,0,0.0,1
455,other / not elsewhere classified,OTHER SOUND RECORD/REPRO/RECV EQUIPMENT,410,0,0,2,0.5,8
456,other / not elsewhere classified,OTHER SPECIFIED PLASTIC PRODUCTS,10819,0,0,12,0.1,245
457,other / not elsewhere classified,OUTERWEAR,6973,0,0,24,0.25,193
458,other / not elsewhere classified,"PADLOCKS, CHAIN LOCKS OR OTHER LOCKS",1363,1,0,1,0.21,29
459,other / not elsewhere classified,"PAINT BRUSHES OF ROLLERS, MANUAL",1995,0,0,5,0.21,47
460,other / not elsewhere classified,"PAINT OR VARNISH REMOVERS, PAINTBRUSH CL",746,0,0,0,0.0,15
461,other / not elsewhere classified,PAINT OR VARNISH THINNERS,377,0,0,3,0.6,10
462,other / not elsewhere classified,"PAINTING EQUIPMENT, POWERED (INCL.SPRAYE",2043,0,0,7,0.33,42
463,other / not elsewhere classified,"PAINTS, VARNISHES OR SHELLACS",9532,1,0,28,0.28,216
464,other / not elsewhere classified,PAPER CUTTERS,972,1,0,0,0.2,20
465,other / not elsewhere classified,PAPER PRODUCTS,26691,0,0,79,0.19,830
466,other / not elsewhere classified,PARTY FAVORS,358,0,0,0,0.0,14
467,other / not elsewhere classified,PEDAL-POWERED ADULT VEHICLES (THREE OR M,1181,0,0,8,0.64,25
468,other / not elsewhere classified,PENS AND PENCILS,18944,0,0,50,0.17,573
469,other / not elsewhere classified,PERSONAL PROTECTION DEVICES,3985,0,0,3,0.07,84
470,other / not elsewhere classified,PET SUPPLIES,103336,2,0,214,0.21,2086
471,other / not elsewhere classified,PHONOGRAPH RECORDS,52,0,0,0,0.0,1
472,other / not elsewhere classified,PHOTOGRAPHIC CHEMICALS,26,0,0,0,0.0,1
473,other / not elsewhere classified,PHOTOGRAPHIC EQUIPMENT,3767,0,0,14,0.31,91
474,other / not elsewhere classified,"PICTURES, PICTURE FRAMES OR WALL DECORAT",10939,1,0,17,0.15,247
475,other / not elsewhere classified,PILLOWS,12217,0,2,32,0.22,371
476,other / not elsewhere classified,PINS AND NEEDLES,8767,0,0,29,0.28,208
477,other / not elsewhere classified,PIPES (EXCLUDING SMOKING PIPES),28145,0,0,43,0.14,619
478,other / not elsewhere classified,PLASTIC WRAPPING PRODUCTS,3388,0,0,6,0.13,90
479,other / not elsewhere classified,POGO STICKS,472,0,0,2,0.24,17
480,other / not elsewhere classified,POLES,53545,0,2,104,0.15,1480
481,other / not elsewhere classified,POWER JOINTERS,373,5,0,0,2.86,7
482,other / not elsewhere classified,POWER LATHES,255,1,0,0,1.33,3
483,other / not elsewhere classified,POWER LEAF MULCHERS AND GRINDERS,715,2,0,1,0.77,13
484,other / not elsewhere classified,POWER ROUTERS,1598,0,0,1,0.08,26
485,other / not elsewhere classified,POWER SANDERS,1814,3,0,1,0.4,35
486,other / not elsewhere classified,POWER SHAPERS,52,0,0,0,0.0,1
487,other / not elsewhere classified,POWER TILLERS OR CULTIVATORS,1257,0,0,2,0.21,19
488,other / not elsewhere classified,"PUBLIC EQUIPMENT, NOT ELSEWHERE CLASSIFI",11179,2,0,23,0.19,279
489,other / not elsewhere classified,"PUMPS, NOT ELSEWHERE CLASSIFIED",904,0,0,2,0.18,22
490,other / not elsewhere classified,RADIATORS (EXCLUDING VEHICLE RADIATORS),7810,0,0,32,0.27,237
491,other / not elsewhere classified,RECORD PLAYERS (SELF-CONTAINED UNITS),214,0,0,0,0.0,4
492,other / not elsewhere classified,RECORDING TAPES,59,0,0,1,1.0,2
493,other / not elsewhere classified,"REMOTE CONTROL, UNIVERSAL OR N.S.",2274,0,0,12,0.41,59
494,other / not elsewhere classified,RESIDENTIAL ALTERNATIVE ENERGY SYSTEMS,113,0,0,0,0.0,4
495,other / not elsewhere classified,RESPIRATORY PROTECTION DEVICES,232,0,0,1,0.29,7
496,other / not elsewhere classified,ROCKETRY SETS,295,0,0,0,0.0,7
497,other / not elsewhere classified,"ROOM DEODORIZERS OR FRESHENERS, NOT SPEC",482,0,0,0,0.0,12
498,other / not elsewhere classified,ROPE OR STRING,8320,1,0,17,0.19,198
499,other / not elsewhere classified,ROTISSERIES,161,0,0,1,1.0,2
500,other / not elsewhere classified,SAFES,2205,0,0,4,0.15,53
501,other / not elsewhere classified,SAFETY PINS,851,0,0,3,0.27,22
502,other / not elsewhere classified,SAUNAS,2188,0,0,3,0.12,48
503,other / not elsewhere classified,SCAFFOLDING,5328,0,0,29,0.57,102
504,other / not elsewhere classified,SCHOOL EQUIPMENT,1347,0,0,2,0.08,51
505,other / not elsewhere classified,SCHOOL LABORATORY CHEMICALS,269,0,0,0,0.0,7
506,other / not elsewhere classified,"SCISSORS, NOT SPECIFIED",13915,1,0,12,0.09,315
507,other / not elsewhere classified,SEASONAL DECORATIONS,3743,0,0,9,0.22,83
508,other / not elsewhere classified,SELF-CONTAINED OPENERS,3073,0,0,4,0.1,84
509,other / not elsewhere classified,SEWING BASKET ARTICLES,2807,0,0,5,0.12,82
510,other / not elsewhere classified,SEWING MACHINES OR ACCESSORIES,2228,0,0,3,0.13,45
511,other / not elsewhere classified,SHEETS OR PILLOWCASES,9249,0,1,36,0.39,204
512,other / not elsewhere classified,SINKS,35735,0,1,128,0.32,828
513,other / not elsewhere classified,SLEDS,14413,0,0,23,0.12,382
514,other / not elsewhere classified,SLICERS AND CHOPPERS,36888,16,0,5,0.1,710
515,other / not elsewhere classified,SNOW DISKS,46,0,0,1,2.0,1
516,other / not elsewhere classified,"SNOW THROWERS, BLOWERS",5798,1,0,14,0.35,92
517,other / not elsewhere classified,"SOLDERING EQUIPMENT, NOT SPECIFIED",239,0,0,0,0.0,4
518,other / not elsewhere classified,SOLID ROOM DEODORIZERS OR FRESHENERS,819,0,0,0,0.0,24
519,other / not elsewhere classified,"SOLVENTS, OTHER OR NOT SPECIFIED",195,0,0,0,0.0,6
520,other / not elsewhere classified,"SOUND RECORDING OR RECEIVING EQUIPMENT,",157,0,0,0,0.0,3
521,other / not elsewhere classified,"SPRAYERS, NOT ELSEWHERE CLASSIFIED",10058,1,0,34,0.38,192
522,other / not elsewhere classified,STILTS,52,0,0,0,0.0,1
523,other / not elsewhere classified,"STRAPS, NON-STRETCH, OTHER, OR NOT SPEC",2081,0,0,3,0.14,43
524,other / not elsewhere classified,STRETCH CORDS OR STRAPS,1628,0,0,3,0.18,33
525,other / not elsewhere classified,TAPE RECORDERS OR PLAYERS (SELF-CONTAINE,28,0,0,0,0.0,1
526,other / not elsewhere classified,TARPAULINS,2535,0,0,4,0.18,44
527,other / not elsewhere classified,"TELESCOPES, BINOCULARS, MICROSCOPES, MAG",191,0,0,1,0.22,9
528,other / not elsewhere classified,THERMOMETERS (EXCLUDING MEDICAL THERMOME,474,0,0,0,0.0,16
529,other / not elsewhere classified,THERMOSTATS (FOR HEATING OR COOLING SYST,683,0,0,3,0.46,13
530,other / not elsewhere classified,TOBOGGANS,157,0,0,0,0.0,2
531,other / not elsewhere classified,TOILET BOWL PRODUCTS,1760,0,0,5,0.26,38
532,other / not elsewhere classified,TOILETS,168024,2,8,1331,0.74,3701
533,other / not elsewhere classified,TOOTHPICKS OR HORS D'OEUVRES PICKS,5842,0,0,6,0.09,130
534,other / not elsewhere classified,"TORCHES, NOT SPECIFIED",1051,0,0,7,0.56,25
535,other / not elsewhere classified,TOWEL RACKS OR BARS,3559,0,0,14,0.39,71
536,other / not elsewhere classified,TOWELS OR CLOTHS,7810,0,0,23,0.24,188
537,other / not elsewhere classified,"TRACTORS, OTHER OR NOT SPECIFIED",12231,0,0,47,0.52,181
538,other / not elsewhere classified,TRAYS (EXCLUDING FOOD WARMERS),4972,0,0,17,0.28,121
539,other / not elsewhere classified,TRICYCLES,2734,0,0,2,0.04,92
540,other / not elsewhere classified,TURPENTINE,151,0,0,0,0.0,2
541,other / not elsewhere classified,"TWO-WHEELED, POWERED, OFF-ROAD VEHICLES",58193,4,0,250,0.37,1392
542,other / not elsewhere classified,UMBRELLAS,2897,0,0,1,0.03,75
543,other / not elsewhere classified,UNCATEGORIZED PRODUCT (TO BE ASSIGNED),412990,4,18,1523,0.29,10892
544,other / not elsewhere classified,UNICYCLES,807,0,0,2,0.27,15
545,other / not elsewhere classified,UTILITY VEHICLES,13368,2,0,58,0.53,232
546,other / not elsewhere classified,VAPORIZERS,77,0,0,0,0.0,2
547,other / not elsewhere classified,VENDING MACHINES,2072,0,0,8,0.36,45
548,other / not elsewhere classified,VETERINARY MEDICINES,191,0,0,2,0.8,5
549,other / not elsewhere classified,WAGONS (CHILDREN'S),3219,0,0,11,0.18,123
550,other / not elsewhere classified,WALLPAPER,239,0,0,0,0.0,4
551,other / not elsewhere classified,"WASHING MACHINES, OTHER OR NOT SPECIFIED",9885,0,0,19,0.18,207
552,other / not elsewhere classified,WATER SOFTENERS OR CONDITIONERS (APPLIAN,231,0,0,1,0.5,4
553,other / not elsewhere classified,WELDING EQUIPMENT,12658,0,0,5,0.05,204
554,other / not elsewhere classified,"WIGS, FALLS OR HAIRPIECES",815,0,0,3,0.35,17
555,other / not elsewhere classified,WINDSHIELD WIPER FLUIDS,188,0,0,0,0.0,5
556,other / not elsewhere classified,"WIRE, NOT SPECIFIED",9973,0,0,23,0.23,204
557,other / not elsewhere classified,"WOOD BURNING FIREPLACES, FACTORY BUILT",318,0,0,0,0.0,5
558,other / not elsewhere classified,WOODEN MATCHES,158,0,0,0,0.0,7
559,other / not elsewhere classified,WRINGER WASHING MACHINES,52,0,0,0,0.0,1
560,outdoor and garden equipment,"DECORATIVE YARD EQUIP,EXCL WATER FEATURE",14688,0,1,66,0.42,330
561,outdoor and garden equipment,FENCES OR FENCE POSTS,105305,6,3,259,0.22,2629
562,outdoor and garden equipment,FIRE SPRINKLERS,229,0,0,1,0.33,6
563,outdoor and garden equipment,"GARDEN HOSES, NOZZLES OR SPRINKLERS",19050,0,0,48,0.26,364
564,outdoor and garden equipment,GARDEN TRACTORS,789,0,0,3,0.46,13
565,outdoor and garden equipment,GREENHOUSE OR GARDENING SUPPLIES,21708,1,0,59,0.25,485
566,outdoor and garden equipment,HAIR CLIPPERS AND TRIMMERS,2347,0,0,1,0.04,54
567,outdoor and garden equipment,"LAWN TRIMMERS OR EDGERS, POWERED (EXC BR",14117,1,0,21,0.18,255
568,outdoor and garden equipment,MANUAL HEDGE TRIMMERS,1260,0,0,1,0.09,22
569,outdoor and garden equipment,MANUAL LAWN TRIMMERS OR EDGERS,101,0,0,0,0.0,1
570,outdoor and garden equipment,POWER HEDGE TRIMMERS,8181,7,0,7,0.26,160
571,outdoor and garden equipment,WHEELBARROWS OR LAWN CARTS,4149,0,0,3,0.09,70
572,packaging and containers,AEROSOL CONTAINERS,2185,0,0,16,0.68,47
573,packaging and containers,"BAGS, NOT ELSEWHERE CLASSIFIED",52908,0,1,122,0.21,1186
574,packaging and containers,BOTTLE OPENERS,8,0,0,0,0.0,1
575,packaging and containers,"BOTTLES OR JARS, NOT SPECIFIED",37338,0,0,144,0.25,1161
576,packaging and containers,"CAN OPENERS, NOT SPECIFIED",2053,0,0,1,0.05,43
577,packaging and containers,"CANDLES, CANDLESTICKS AND OTHER CANDLE H",6845,0,0,18,0.19,188
578,packaging and containers,CANNING JARS OR LIDS,1778,0,0,3,0.16,38
579,packaging and containers,CARDBOARD PRODUCTS,19160,0,0,24,0.11,436
580,packaging and containers,CONTAINERS WITH KEY OPENERS,263,0,0,0,0.0,5
581,packaging and containers,"CONTAINERS, NOT SPECIFIED",129087,0,1,212,0.15,2826
582,packaging and containers,ELECTRIC CAN OPENERS,7,0,0,0,0.0,1
583,packaging and containers,GASOLINE CANS,1313,0,0,10,0.83,24
584,packaging and containers,GLASS ALCOHOLIC BEVERAGE BOTTLES,7609,0,0,10,0.12,163
585,packaging and containers,"GLASS BOTTLES OR JARS, NOT SPECIFIED",17698,0,0,15,0.07,447
586,packaging and containers,GLASS SOFT DRINK BOTTLES,1076,0,0,2,0.16,25
587,packaging and containers,LUBRICANTS,1500,0,0,4,0.26,31
588,packaging and containers,METAL CONTAINERS,47150,0,0,37,0.07,1103
589,packaging and containers,MUSIC BOXES OR CHIMES,175,0,0,0,0.0,6
590,packaging and containers,NONELECTRIC CAN OPENERS,133,0,0,0,0.0,3
591,packaging and containers,NONGLASS BOTTLES OR JARS,13868,0,0,56,0.29,388
592,packaging and containers,OTHER CONTAINERS,9157,0,0,16,0.15,216
593,packaging and containers,OTHER GLASS BOTTLES OR JARS,4311,0,0,6,0.12,97
594,packaging and containers,PAPER BAGS,390,0,0,2,0.36,11
595,packaging and containers,PLASTIC BAGS,8714,0,0,25,0.25,202
596,packaging and containers,PLASTIC CONTAINERS (RIGID OR SEMI-RIGID),10685,0,0,10,0.08,236
597,packaging and containers,PRESSURIZED CONTAINERS (NONAEROSOL),1770,0,0,2,0.13,31
598,packaging and containers,SLEEPING BAGS,265,0,0,1,0.33,6
599,packaging and containers,"WASTE CONTAINERS, TRASH BASKETS OR REFUS",59739,2,0,186,0.29,1317
600,packaging and containers,WOODEN CONTAINERS,11990,0,0,13,0.11,236
601,personal care and cosmetics,"COMBS OR HAIRBRUSHES, UNPOWERED",4216,0,0,7,0.12,115
602,personal care and cosmetics,"COMBS, NOT SPECIFIED",561,0,0,2,0.36,11
603,personal care and cosmetics,"COSMETICS, INCL FACIAL & EYE MAKE-UP DEO",1687,0,0,1,0.04,53
604,personal care and cosmetics,DYES (NONCOSMETIC),51,0,0,0,0.0,2
605,personal care and cosmetics,ELECTRIC COMBS,110,0,0,0,0.0,4
606,personal care and cosmetics,ELECTRIC RAZORS OR SHAVERS,904,0,0,1,0.11,19
607,personal care and cosmetics,INTERNAL COMBUSTION ENGINES (NONVEHICULA,227,0,0,1,0.4,5
608,personal care and cosmetics,NONELECTRIC RAZORS OR SHAVERS,28314,0,0,38,0.12,654
609,personal care and cosmetics,ORAL HYGIENE PRODUCTS,109,0,0,0,0.0,6
610,personal care and cosmetics,"RAZORS OR SHAVERS, NOT SPECIFIED",19739,0,0,25,0.12,417
611,sports and recreation equipment,ABOVE-GROUND SWIMMING POOLS,981,0,0,4,0.38,21
612,sports and recreation equipment,AMUSEMENT ATTRACTIONS (INCLUDING RIDES),24815,0,0,46,0.1,903
613,sports and recreation equipment,"ASHTRAYS, NOT ELEC/BATTERY, OR NOS",470,0,0,2,0.33,12
614,sports and recreation equipment,"BALL SPORTS (ACTIVITY, APPAREL OR EQUIPM",6007,0,0,1,0.02,130
615,sports and recreation equipment,"BALLS, OTHER OR NOT SPECIFIED",23445,0,1,33,0.09,801
616,sports and recreation equipment,"BASEBALL (ACTIVITY, APPAREL OR EQUIPMENT",91831,1,0,73,0.05,2737
617,sports and recreation equipment,"BASKETBALL (ACTIVITY, APPAREL OR EQUIP.)",347201,1,4,237,0.05,9982
618,sports and recreation equipment,BATH OR FACIAL BRUSHES,517,0,0,2,0.24,17
619,sports and recreation equipment,"BATHTUB OR SHOWER ENCLOSURES, NOT SPECIF",4497,0,0,19,0.4,96
620,sports and recreation equipment,BATHTUBS OR SHOWERS,351418,0,19,1677,0.43,8177
621,sports and recreation equipment,BATONS,159,0,0,0,0.0,8
622,sports and recreation equipment,BATTERIES,19595,0,0,108,0.35,611
623,sports and recreation equipment,BATTERY CHARGERS,4122,0,0,8,0.14,111
624,sports and recreation equipment,BICYCLES AND ACCESSORIES (EXCL MOUNTAIN,398533,12,15,1390,0.29,10037
625,sports and recreation equipment,"BILLIARDS OR POOL (ACTIVITY, APPAREL OR",3082,0,0,8,0.24,67
626,sports and recreation equipment,BUILT-IN SWIMMING POOLS,16184,0,2,48,0.26,424
627,sports and recreation equipment,"CAMPING EQUIP (EXCL TRAILERS, LIGHTING E",6336,0,0,12,0.18,134
628,sports and recreation equipment,"CISTERNS, CESSPOOLS OR SEPTIC TANKS",84,0,0,1,0.67,3
629,sports and recreation equipment,CLACKER BALLS,112,0,0,0,0.0,2
630,sports and recreation equipment,"CLOCKS, ELECTRIC OR BATTERY OPERATED",157,0,0,0,0.0,5
631,sports and recreation equipment,"CLOCKS, NOT ELEC/BATTERY, OR NOS",2369,0,0,10,0.38,52
632,sports and recreation equipment,ELECTRIC FRYING PANS AND SKILLETS,629,0,0,1,0.17,12
633,sports and recreation equipment,ELECTRIC OR BATTERY-POWERED KNIVES,236,0,0,0,0.0,3
634,sports and recreation equipment,"EXERCISE (ACTIVITY OR APPAREL, W/O EQUIP",354045,0,8,995,0.25,8315
635,sports and recreation equipment,EXERCISE EQUIPMENT,75215,4,4,213,0.25,1894
636,sports and recreation equipment,"FISHING (ACTIVITY, APPAREL OR EQUIPMENT)",63979,0,0,73,0.12,1196
637,sports and recreation equipment,FLASHLIGHTS OR BATTERY-POWERED LANTERNS,1577,0,0,3,0.14,42
638,sports and recreation equipment,"FOOTBALL (ACTIVITY, APPAREL OR EQUIP.)",304801,2,0,383,0.08,9612
639,sports and recreation equipment,GLASS BATHTUB OR SHOWER ENCLOSURES,3871,0,0,7,0.15,94
640,sports and recreation equipment,"GYMNASTICS (ACTIVITY, APPAREL OR EQUIP.)",33217,0,0,71,0.13,1107
641,sports and recreation equipment,"HANDBALL (ACTIVITY, APPAREL OR EQUIPMENT",1595,0,0,1,0.05,42
642,sports and recreation equipment,"MINIBIKES, POWERED",5218,0,0,19,0.31,121
643,sports and recreation equipment,MONKEY BARS OR OTHER PLAYGROUND CLIMBING,61325,0,0,242,0.22,2204
644,sports and recreation equipment,MOUNTAIN OR ALL-TERRAIN BICYCLES AND AC,17898,0,0,39,0.24,327
645,sports and recreation equipment,"MUSICAL INSTR, NOT ELEC/BATTERY, OR NOS",9361,0,0,10,0.08,249
646,sports and recreation equipment,"MUSICAL INSTRUMENTS, ELECTRIC OR BATTERY",960,0,0,0,0.0,22
647,sports and recreation equipment,NONGLASS BATHTUB OR SHOWER ENCLOSURES,260,0,0,2,0.67,6
648,sports and recreation equipment,"OTHER BALL SPORTS (ACTIVITY, APPAREL OR",55276,0,3,92,0.15,1412
649,sports and recreation equipment,OTHER PLAYGROUND EQUIPMENT,20504,0,0,42,0.11,778
650,sports and recreation equipment,"PLAYGROUND EQUIPMENT, NOT SPECIFIED",41814,1,0,93,0.12,1637
651,sports and recreation equipment,"SCALES, ELECTRIC OR BATTERY OPERATED. EX",528,0,0,4,0.73,11
652,sports and recreation equipment,"SCALES, NOT ELEC/BATTERY, OR NOS",2391,0,0,14,0.55,51
653,sports and recreation equipment,SKATEBOARDS,58225,0,0,96,0.13,1502
654,sports and recreation equipment,SLIDES OR SLIDING BOARDS,41540,0,0,93,0.11,1636
655,sports and recreation equipment,"SNOW SKIING (ACTIVITY, APPAREL OR EQUIPM",50419,0,2,113,0.28,880
656,sports and recreation equipment,"SNOWBOARDING (ACTIVITY, APPAREL, EQUIP.)",33391,0,0,27,0.09,633
657,sports and recreation equipment,"SOFTBALL (ACTIVITY, APPAREL OR EQUIPMENT",60621,0,0,44,0.06,1537
658,sports and recreation equipment,"SPORTS OR RECREATIONAL ACTIVITY, N.E.C.",61163,2,0,93,0.1,1959
659,sports and recreation equipment,"SQUASH, RACQUET BALL OR PADDLE BALL",2471,0,0,3,0.08,75
660,sports and recreation equipment,"SURFING (ACTIVITY, APPAREL OR EQUIPMENT)",7164,1,0,11,0.17,150
661,sports and recreation equipment,"SWIMMING (ACTIVITY, APPAREL OR EQUIPMENT",83905,1,1,98,0.1,2186
662,sports and recreation equipment,SWIMMING POOL CHEMICALS,2940,0,0,1,0.03,61
663,sports and recreation equipment,SWIMMING POOL EQUIPMENT,5237,0,0,12,0.22,110
664,sports and recreation equipment,SWIMMING POOL SLIDES,703,0,0,2,0.15,27
665,sports and recreation equipment,"SWIMMING POOLS, NOT SPECIFIED",59108,1,10,175,0.26,1647
666,sports and recreation equipment,SWINGS OR SWING SETS,48684,0,0,90,0.11,1683
667,sports and recreation equipment,TAPES (WITH ADHESIVE SURFACES),2483,1,0,3,0.17,59
668,sports and recreation equipment,"TETHERBALL (ACTIVITY, APPAREL OR EQUIPME",760,0,0,1,0.08,25
669,sports and recreation equipment,TRAMPOLINES,112930,0,0,225,0.12,3885
670,sports and recreation equipment,TREE STANDS (HUNTING),4614,0,0,28,0.74,76
671,sports and recreation equipment,"VOLLEYBALL (ACTIVITY, APPAREL OR EQUIP.)",66041,0,1,32,0.04,1885
672,sports and recreation equipment,"WATER SKIING (ACTIVITY, APPAREL OR EQUIP",2268,0,0,2,0.08,51
673,sports and recreation equipment,"WATER SLIDES, BACKYARD/HOME (NOT SWIMMIN",5880,0,0,8,0.1,168
674,sports and recreation equipment,"WATER SLIDES, NOT ELSEWHERE CLASSIFIED",6119,0,0,5,0.07,148
675,sports and recreation equipment,"WATER SLIDES, PUBLIC (STATIONARY AMUSEME",5574,0,0,10,0.1,195
676,sports and recreation equipment,"WEIGHT LIFTING (ACTIVITY, APPAREL OR EQU",125959,6,0,148,0.11,3036
677,sports and recreation equipment,"WHIRLPOOLS, HOT TUBS OR HOME SPAS",8951,0,0,29,0.3,194
678,tools and workshop equipment,AIR COMPRESSORS (SEPARATE),2396,0,0,6,0.3,40
679,tools and workshop equipment,AUTOMOTIVE TOOLS OR ACCESSORIES,4427,2,0,5,0.17,108
680,tools and workshop equipment,BAND SAWS,1910,3,0,3,0.45,40
681,tools and workshop equipment,BARSTOOLS OR KITCHEN STOOLS,16644,0,1,53,0.29,392
682,tools and workshop equipment,CHAIN SAWS,27467,6,0,33,0.19,484
683,tools and workshop equipment,"DRILLS, NOT SPECIFIED",11012,3,0,10,0.16,203
684,tools and workshop equipment,EXTENSION OR STRAIGHT LADDERS,1914,0,0,7,0.48,29
685,tools and workshop equipment,HACKSAWS,446,0,0,0,0.0,8
686,tools and workshop equipment,HAMMERS,20502,2,0,11,0.08,392
687,tools and workshop equipment,HAND LAWN MOWERS,1498,0,0,5,0.38,26
688,tools and workshop equipment,HAND SAWS,2622,2,0,2,0.22,54
689,tools and workshop equipment,HEAVY-DUTY WORKSHOP STAPLERS,1149,0,0,1,0.08,26
690,tools and workshop equipment,JIGSAWS,558,1,0,1,0.67,9
691,tools and workshop equipment,"LADDERS, OTHER OR NOT SPECIFIED",138218,1,5,724,0.53,2841
692,tools and workshop equipment,"LAWN MOWERS, NOT SPECIFIED",49345,23,3,170,0.47,977
693,tools and workshop equipment,MANUAL DRILLS,109,0,0,0,0.0,1
694,tools and workshop equipment,MANUAL FILING OR SANDING TOOLS,1279,0,0,1,0.08,25
695,tools and workshop equipment,"MANUAL PRUNING OR TRIMMING EQUIPMENT, NO",1771,0,0,7,0.37,38
696,tools and workshop equipment,MANUAL SNOW OR ICE REMOVAL TOOLS,27549,0,2,72,0.29,547
697,tools and workshop equipment,"MANUAL WORKSHOP GRINDERS, BUFFERS OR POL",1716,0,0,3,0.18,34
698,tools and workshop equipment,OTHER MANUAL PRUNING OR TRIMMING EQUIPME,669,0,0,0,0.0,13
699,tools and workshop equipment,OTHER MANUAL WORKSHOP TOOLS,6870,0,0,5,0.07,135
700,tools and workshop equipment,OTHER POWER GARDEN TOOLS,216,0,0,2,0.67,6
701,tools and workshop equipment,OTHER POWER PRUNING OR TRIMMING EQUIPMEN,290,2,0,1,1.0,10
702,tools and workshop equipment,OTHER UNPOWERED GARDEN TOOLS,25074,0,0,51,0.21,494
703,tools and workshop equipment,"PLIERS, WIRE CUTTERS OR WRENCHES",10041,1,0,3,0.05,182
704,tools and workshop equipment,"POWER DRILLS OR ACCESSORIES, NOT SPECIFI",6777,0,0,7,0.11,132
705,tools and workshop equipment,"POWER LAWN MOWERS, NOT SPECIFIED",9248,22,0,31,0.73,206
706,tools and workshop equipment,"POWER PRUNING OR TRIMMING EQUIPMENT, NOT",772,0,0,4,0.5,16
707,tools and workshop equipment,"POWER SAWS, OTHER OR NOT SPECIFIED",13929,29,0,21,0.59,269
708,tools and workshop equipment,"POWER WORKSHOP GRINDERS, BUFFERS OR POLI",16729,1,0,10,0.09,264
709,tools and workshop equipment,"PRUNING OR TRIMMING EQUIPMENT, NOT SPECI",20245,9,1,56,0.38,412
710,tools and workshop equipment,RADIAL ARM SAWS,28,0,0,0,0.0,1
711,tools and workshop equipment,RIDING POWER LAWN MOWERS,14396,3,1,63,0.59,247
712,tools and workshop equipment,ROTARY POWER LAWN MOWERS,1309,3,0,3,0.78,23
713,tools and workshop equipment,SABRE SAWS,1650,0,0,0,0.0,26
714,tools and workshop equipment,"SAWS, NOT SPECIFIED",16722,22,0,13,0.36,317
715,tools and workshop equipment,SCREWDRIVERS,4707,0,0,12,0.26,93
716,tools and workshop equipment,SEE-SAWS OR TEETER BOARDS,2787,0,0,3,0.06,96
717,tools and workshop equipment,STATIONARY POWER DRILLS AND ACCESSORIES,362,0,0,0,0.0,7
718,tools and workshop equipment,STEP STOOLS,13904,0,0,41,0.25,322
719,tools and workshop equipment,STEPLADDERS,10808,0,0,53,0.46,230
720,tools and workshop equipment,"STOOLS, OTHER OR NOT SPECIFIED",29402,1,1,101,0.29,726
721,tools and workshop equipment,TOOL SHEDS,6822,1,1,19,0.38,131
722,tools and workshop equipment,TOOLBOXES OR TOOL KITS,5121,0,0,8,0.16,98
723,tools and workshop equipment,"TOOLS, NOT SPECIFIED",38915,3,1,92,0.26,795
724,tools and workshop equipment,VISES OR WORKSHOP CLAMPS,746,0,0,0,0.0,14
725,tools and workshop equipment,WORKSHOP COMPOUNDS OR CHEMICALS,490,0,0,3,0.43,14
726,tools and workshop equipment,WORKSHOP FURNISHINGS,900,0,0,2,0.21,19
727,tools and workshop equipment,"WORKSHOP GRINDERS, BUFFERS OR POLISHERS,",17877,0,0,9,0.06,281
728,toys and children's products,BALLOONS (TOY),4349,0,0,5,0.07,135
729,toys and children's products,"BLOCKS, STACKING TOYS OR PULL TOYS",2026,0,0,5,0.14,70
730,toys and children's products,BUILDING SETS,9539,0,0,28,0.16,359
731,toys and children's products,COMPUTERS (EQUIPMENT & ELECTRONIC GAMES),33342,1,1,47,0.12,896
732,toys and children's products,DOLL HOUSES AND OTHER PLAY SCENES,992,0,0,2,0.11,37
733,toys and children's products,"DOLLS, PLUSH TOYS, AND ACTION FIGURES",4614,0,0,5,0.05,193
734,toys and children's products,FLOTATION TOYS (EXCL. OFFICIAL LIFE SAVI,1743,0,0,4,0.17,47
735,toys and children's products,GAMES OR GAME PARTS (EXCL MARBLES & COMP,8994,1,0,28,0.25,241
736,toys and children's products,MARBLES,2978,0,0,8,0.15,104
737,toys and children's products,"NONWHEELED RIDING TOYS, UNPOWERED",1044,0,0,0,0.0,35
738,toys and children's products,OTHER TOY GUNS,955,0,0,3,0.23,26
739,toys and children's products,OTHER TOY WEAPONS (NONPROJECTILE),1293,0,0,1,0.05,41
740,toys and children's products,OTHER TOY WEAPONS (PROJECTILE),130,0,0,0,0.0,3
741,toys and children's products,POWERED RIDING TOYS,1840,0,0,2,0.05,76
742,toys and children's products,"PRETEND ELECTRONICS,TOOLS,HSEWRS&APPLIAN",3511,1,0,5,0.1,135
743,toys and children's products,"RIDING TOYS, NOT SPECIFIED",2066,0,0,5,0.1,100
744,toys and children's products,SLINGSHOTS OR SLING-PROPELLED TOYS,92,0,0,1,0.5,4
745,toys and children's products,SQUEEZE OR SQUEAKER TOYS,297,0,0,0,0.0,10
746,toys and children's products,TOY BOWS OR ARROWS,454,0,0,0,0.0,13
747,toys and children's products,"TOY CAPS, CAP TOYS OR CAP GUNS",127,0,0,0,0.0,3
748,toys and children's products,TOY GUNS WITH PROJECTILES,4557,0,0,3,0.04,162
749,toys and children's products,"TOY GUNS, NOT SPECIFIED",1512,0,0,0,0.0,44
750,toys and children's products,TOY MAKE-UP KITS OR COSMETICS,123,0,0,0,0.0,4
751,toys and children's products,TOY MUSICAL INSTRUMENTS,614,0,0,0,0.0,26
752,toys and children's products,TOY SPORTS EQUIPMENT,1039,0,0,1,0.05,37
753,toys and children's products,TOY VEHICLES (EXCLUDING RIDING TOYS),10580,0,0,11,0.07,324
754,toys and children's products,"TOYS, NOT ELSEWHERE CLASSIFIED",13059,0,0,13,0.05,495
755,toys and children's products,"TOYS, NOT SPECIFIED",47945,0,0,61,0.08,1554
756,toys and children's products,TREEHOUSES OR PLAYHOUSES,1672,0,0,6,0.16,76
757,toys and children's products,WATER TOYS,700,0,0,2,0.17,24
758,toys and children's products,"WHEELED RIDING TOYS, UNPOWERED",1566,0,0,3,0.1,58
